-- 001_mock_data.sql

-- ==========================================
-- 1. OPERATORS
-- Hashaam, Alice, Bob
-- ==========================================
INSERT INTO OPERATORS (OPR_ID, OPR_EMAIL, OPR_NAME, OPR_STATUS, CREATED_AT, LAST_ACTIVITY)
VALUES ('OPR-A1A1A1A1', 'hashaam@example.com', 'Hashaam', 'online', CURRENT_TIMESTAMP, CURRENT_TIMESTAMP);

INSERT INTO OPERATORS (OPR_ID, OPR_EMAIL, OPR_NAME, OPR_STATUS, CREATED_AT, LAST_ACTIVITY)
VALUES ('OPR-B2B2B2B2', 'alice@example.com', 'Alice', 'online', CURRENT_TIMESTAMP, CURRENT_TIMESTAMP);

INSERT INTO OPERATORS (OPR_ID, OPR_EMAIL, OPR_NAME, OPR_STATUS, CREATED_AT, LAST_ACTIVITY)
VALUES ('OPR-C3C3C3C3', 'bob@example.com', 'Bob', 'offline', CURRENT_TIMESTAMP, CURRENT_TIMESTAMP);

-- ==========================================
-- 2. ACTORS
-- Hashaam -> @promo_king (Active)
-- Alice -> @fitness_guru (Active)
-- Bob -> @old_account (Suspended By Insta)
-- ==========================================
INSERT INTO ACTORS (ACT_ID, ACT_USERNAME, OPR_ID, ACT_STATUS, CREATED_AT, LAST_ACTIVITY)
VALUES ('ACT-D4D4D4D4', '@promo_king', 'OPR-A1A1A1A1', 'Active', CURRENT_TIMESTAMP, CURRENT_TIMESTAMP);

INSERT INTO ACTORS (ACT_ID, ACT_USERNAME, OPR_ID, ACT_STATUS, CREATED_AT, LAST_ACTIVITY)
VALUES ('ACT-E5E5E5E5', '@fitness_guru', 'OPR-B2B2B2B2', 'Active', CURRENT_TIMESTAMP, CURRENT_TIMESTAMP);

INSERT INTO ACTORS (ACT_ID, ACT_USERNAME, OPR_ID, ACT_STATUS, CREATED_AT, LAST_ACTIVITY)
VALUES ('ACT-F6F6F6F6', '@old_account', 'OPR-C3C3C3C3', 'Suspended By Insta', CURRENT_TIMESTAMP, CURRENT_TIMESTAMP);

-- ==========================================
-- 3. TARGETS (10 mixed)
-- ==========================================
INSERT INTO TARGETS (TAR_ID, TAR_USERNAME, TAR_STATUS, FIRST_CONTACTED, NOTES, LAST_UPDATED, EMAIL, PHONE_NUM, CONT_SOURCE)
VALUES ('TAR-00000001', 'target_1', 'Cold No Reply', CURRENT_TIMESTAMP, 'N/A', CURRENT_TIMESTAMP, 'N/S', 'N/S', 'N/S');

INSERT INTO TARGETS (TAR_ID, TAR_USERNAME, TAR_STATUS, FIRST_CONTACTED, NOTES, LAST_UPDATED, EMAIL, PHONE_NUM, CONT_SOURCE)
VALUES ('TAR-00000002', 'target_2', 'Replied', CURRENT_TIMESTAMP, 'Interested', CURRENT_TIMESTAMP, 't2@mail.com', 'N/S', 'Bio Link');

INSERT INTO TARGETS (TAR_ID, TAR_USERNAME, TAR_STATUS, FIRST_CONTACTED, NOTES, LAST_UPDATED, EMAIL, PHONE_NUM, CONT_SOURCE)
VALUES ('TAR-00000003', 'target_3', 'Booked', CURRENT_TIMESTAMP, 'Call scheduled', CURRENT_TIMESTAMP, 't3@mail.com', '123-456', 'DM');

INSERT INTO TARGETS (TAR_ID, TAR_USERNAME, TAR_STATUS, FIRST_CONTACTED, NOTES, LAST_UPDATED, EMAIL, PHONE_NUM, CONT_SOURCE)
VALUES ('TAR-00000004', 'target_4', 'Cold No Reply', CURRENT_TIMESTAMP, 'N/A', CURRENT_TIMESTAMP, 'N/S', 'N/S', 'N/S');

INSERT INTO TARGETS (TAR_ID, TAR_USERNAME, TAR_STATUS, FIRST_CONTACTED, NOTES, LAST_UPDATED, EMAIL, PHONE_NUM, CONT_SOURCE)
VALUES ('TAR-00000005', 'target_5', 'Replied', CURRENT_TIMESTAMP, 'Asked for price', CURRENT_TIMESTAMP, 'N/S', 'N/S', 'N/S');

INSERT INTO TARGETS (TAR_ID, TAR_USERNAME, TAR_STATUS, FIRST_CONTACTED, NOTES, LAST_UPDATED, EMAIL, PHONE_NUM, CONT_SOURCE)
VALUES ('TAR-00000006', 'target_6', 'Cold No Reply', CURRENT_TIMESTAMP, 'N/A', CURRENT_TIMESTAMP, 'N/S', 'N/S', 'N/S');

INSERT INTO TARGETS (TAR_ID, TAR_USERNAME, TAR_STATUS, FIRST_CONTACTED, NOTES, LAST_UPDATED, EMAIL, PHONE_NUM, CONT_SOURCE)
VALUES ('TAR-00000007', 'target_7', 'Cold No Reply', CURRENT_TIMESTAMP, 'N/A', CURRENT_TIMESTAMP, 'N/S', 'N/S', 'N/S');

INSERT INTO TARGETS (TAR_ID, TAR_USERNAME, TAR_STATUS, FIRST_CONTACTED, NOTES, LAST_UPDATED, EMAIL, PHONE_NUM, CONT_SOURCE)
VALUES ('TAR-00000008', 'target_8', 'Booked', CURRENT_TIMESTAMP, 'Waiting payment', CURRENT_TIMESTAMP, 't8@mail.com', 'N/S', 'N/S');

INSERT INTO TARGETS (TAR_ID, TAR_USERNAME, TAR_STATUS, FIRST_CONTACTED, NOTES, LAST_UPDATED, EMAIL, PHONE_NUM, CONT_SOURCE)
VALUES ('TAR-00000009', 'target_9', 'Cold No Reply', CURRENT_TIMESTAMP, 'N/A', CURRENT_TIMESTAMP, 'N/S', 'N/S', 'N/S');

INSERT INTO TARGETS (TAR_ID, TAR_USERNAME, TAR_STATUS, FIRST_CONTACTED, NOTES, LAST_UPDATED, EMAIL, PHONE_NUM, CONT_SOURCE)
VALUES ('TAR-00000010', 'target_10', 'Replied', CURRENT_TIMESTAMP, 'Not interested', CURRENT_TIMESTAMP, 'N/S', 'N/S', 'N/S');

-- ==========================================
-- 4. EVENTS & LOGS (20 entries)
-- Mix: New Tar Register, Outreach, Change in Tar Info
-- ==========================================

-- Event 1: New Tar Register (Hashaam)
INSERT INTO EVENT_LOGS (ELG_ID, EVENT_TYPE, ACT_ID, OPR_ID, TAR_ID, DETAILS, CREATED_AT)
VALUES ('ELG-10000001', 'New Tar Register', 'ACT-D4D4D4D4', 'OPR-A1A1A1A1', 'TAR-00000001', 'Found via Explore', CURRENT_TIMESTAMP);

-- Event 2: Outreach (Hashaam -> Target 1)
INSERT INTO EVENT_LOGS (ELG_ID, EVENT_TYPE, ACT_ID, OPR_ID, TAR_ID, DETAILS, CREATED_AT)
VALUES ('ELG-10000002', 'Outreach', 'ACT-D4D4D4D4', 'OPR-A1A1A1A1', 'TAR-00000001', 'Initial DM', CURRENT_TIMESTAMP);

INSERT INTO OUTREACH_LOGS (OLG_ID, ELG_ID, MESSAGE_TEXT, SENT_AT)
VALUES ('OLG-20000002', 'ELG-10000002', 'Hey! Love your content.', CURRENT_TIMESTAMP);

-- Event 3: New Tar Register (Alice)
INSERT INTO EVENT_LOGS (ELG_ID, EVENT_TYPE, ACT_ID, OPR_ID, TAR_ID, DETAILS, CREATED_AT)
VALUES ('ELG-10000003', 'New Tar Register', 'ACT-E5E5E5E5', 'OPR-B2B2B2B2', 'TAR-00000002', 'Hashtag search', CURRENT_TIMESTAMP);

-- Event 4: Outreach (Alice -> Target 2)
INSERT INTO EVENT_LOGS (ELG_ID, EVENT_TYPE, ACT_ID, OPR_ID, TAR_ID, DETAILS, CREATED_AT)
VALUES ('ELG-10000004', 'Outreach', 'ACT-E5E5E5E5', 'OPR-B2B2B2B2', 'TAR-00000002', 'Hi there, are you interested in fitness?', CURRENT_TIMESTAMP);

INSERT INTO OUTREACH_LOGS (OLG_ID, ELG_ID, MESSAGE_TEXT, SENT_AT)
VALUES ('OLG-20000004', 'ELG-10000004', 'Hi there, are you interested in fitness?', CURRENT_TIMESTAMP);

-- Event 5: Change in Tar Info (Target 2 Replied)
INSERT INTO EVENT_LOGS (ELG_ID, EVENT_TYPE, ACT_ID, OPR_ID, TAR_ID, DETAILS, CREATED_AT)
VALUES ('ELG-10000005', 'Change in Tar Info', 'ACT-E5E5E5E5', 'OPR-B2B2B2B2', 'TAR-00000002', '[Status: Cold No Reply -> Replied]', CURRENT_TIMESTAMP);

-- Event 6: Outreach (Hashaam -> Target 3)
INSERT INTO EVENT_LOGS (ELG_ID, EVENT_TYPE, ACT_ID, OPR_ID, TAR_ID, DETAILS, CREATED_AT)
VALUES ('ELG-10000006', 'Outreach', 'ACT-D4D4D4D4', 'OPR-A1A1A1A1', 'TAR-00000003', 'Follow up on our call', CURRENT_TIMESTAMP);

INSERT INTO OUTREACH_LOGS (OLG_ID, ELG_ID, MESSAGE_TEXT, SENT_AT)
VALUES ('OLG-20000006', 'ELG-10000006', 'Follow up on our call', CURRENT_TIMESTAMP);

-- Event 7: Change in Tar Info (Target 3 Booked)
INSERT INTO EVENT_LOGS (ELG_ID, EVENT_TYPE, ACT_ID, OPR_ID, TAR_ID, DETAILS, CREATED_AT)
VALUES ('ELG-10000007', 'Change in Tar Info', 'ACT-D4D4D4D4', 'OPR-A1A1A1A1', 'TAR-00000003', '[Status: Warm -> Booked]', CURRENT_TIMESTAMP);

-- Event 8-20: Filler Outreach events
-- Event 8
INSERT INTO EVENT_LOGS (ELG_ID, EVENT_TYPE, ACT_ID, OPR_ID, TAR_ID, DETAILS, CREATED_AT)
VALUES ('ELG-10000008', 'Outreach', 'ACT-D4D4D4D4', 'OPR-A1A1A1A1', 'TAR-00000004', 'Hello', CURRENT_TIMESTAMP);
INSERT INTO OUTREACH_LOGS (OLG_ID, ELG_ID, MESSAGE_TEXT, SENT_AT) VALUES ('OLG-20000008', 'ELG-10000008', 'Hello', CURRENT_TIMESTAMP);

-- Event 9
INSERT INTO EVENT_LOGS (ELG_ID, EVENT_TYPE, ACT_ID, OPR_ID, TAR_ID, DETAILS, CREATED_AT)
VALUES ('ELG-10000009', 'Outreach', 'ACT-D4D4D4D4', 'OPR-A1A1A1A1', 'TAR-00000005', 'Hello', CURRENT_TIMESTAMP);
INSERT INTO OUTREACH_LOGS (OLG_ID, ELG_ID, MESSAGE_TEXT, SENT_AT) VALUES ('OLG-20000009', 'ELG-10000009', 'Hello', CURRENT_TIMESTAMP);

-- Event 10
INSERT INTO EVENT_LOGS (ELG_ID, EVENT_TYPE, ACT_ID, OPR_ID, TAR_ID, DETAILS, CREATED_AT)
VALUES ('ELG-10000010', 'Outreach', 'ACT-D4D4D4D4', 'OPR-A1A1A1A1', 'TAR-00000006', 'Hello', CURRENT_TIMESTAMP);
INSERT INTO OUTREACH_LOGS (OLG_ID, ELG_ID, MESSAGE_TEXT, SENT_AT) VALUES ('OLG-20000010', 'ELG-10000010', 'Hello', CURRENT_TIMESTAMP);

-- Event 11
INSERT INTO EVENT_LOGS (ELG_ID, EVENT_TYPE, ACT_ID, OPR_ID, TAR_ID, DETAILS, CREATED_AT)
VALUES ('ELG-10000011', 'Outreach', 'ACT-E5E5E5E5', 'OPR-B2B2B2B2', 'TAR-00000007', 'Promo offer', CURRENT_TIMESTAMP);
INSERT INTO OUTREACH_LOGS (OLG_ID, ELG_ID, MESSAGE_TEXT, SENT_AT) VALUES ('OLG-20000011', 'ELG-10000011', 'Promo offer', CURRENT_TIMESTAMP);

-- Event 12
INSERT INTO EVENT_LOGS (ELG_ID, EVENT_TYPE, ACT_ID, OPR_ID, TAR_ID, DETAILS, CREATED_AT)
VALUES ('ELG-10000012', 'Outreach', 'ACT-E5E5E5E5', 'OPR-B2B2B2B2', 'TAR-00000008', 'Promo offer', CURRENT_TIMESTAMP);
INSERT INTO OUTREACH_LOGS (OLG_ID, ELG_ID, MESSAGE_TEXT, SENT_AT) VALUES ('OLG-20000012', 'ELG-10000012', 'Promo offer', CURRENT_TIMESTAMP);

-- Event 13
INSERT INTO EVENT_LOGS (ELG_ID, EVENT_TYPE, ACT_ID, OPR_ID, TAR_ID, DETAILS, CREATED_AT)
VALUES ('ELG-10000013', 'Outreach', 'ACT-E5E5E5E5', 'OPR-B2B2B2B2', 'TAR-00000009', 'Promo offer', CURRENT_TIMESTAMP);
INSERT INTO OUTREACH_LOGS (OLG_ID, ELG_ID, MESSAGE_TEXT, SENT_AT) VALUES ('OLG-20000013', 'ELG-10000013', 'Promo offer', CURRENT_TIMESTAMP);

-- Event 14
INSERT INTO EVENT_LOGS (ELG_ID, EVENT_TYPE, ACT_ID, OPR_ID, TAR_ID, DETAILS, CREATED_AT)
VALUES ('ELG-10000014', 'Outreach', 'ACT-E5E5E5E5', 'OPR-B2B2B2B2', 'TAR-00000010', 'Promo offer', CURRENT_TIMESTAMP);
INSERT INTO OUTREACH_LOGS (OLG_ID, ELG_ID, MESSAGE_TEXT, SENT_AT) VALUES ('OLG-20000014', 'ELG-10000014', 'Promo offer', CURRENT_TIMESTAMP);

-- Event 15 (Bob tried something before suspension)
INSERT INTO EVENT_LOGS (ELG_ID, EVENT_TYPE, ACT_ID, OPR_ID, TAR_ID, DETAILS, CREATED_AT)
VALUES ('ELG-10000015', 'Outreach', 'ACT-F6F6F6F6', 'OPR-C3C3C3C3', 'TAR-00000001', 'Spam?', CURRENT_TIMESTAMP);
INSERT INTO OUTREACH_LOGS (OLG_ID, ELG_ID, MESSAGE_TEXT, SENT_AT) VALUES ('OLG-20000015', 'ELG-10000015', 'Spam?', CURRENT_TIMESTAMP);

-- Event 16
INSERT INTO EVENT_LOGS (ELG_ID, EVENT_TYPE, ACT_ID, OPR_ID, TAR_ID, DETAILS, CREATED_AT)
VALUES ('ELG-10000016', 'New Tar Register', 'ACT-D4D4D4D4', 'OPR-A1A1A1A1', 'TAR-00000007', 'New lead', CURRENT_TIMESTAMP);

-- Event 17
INSERT INTO EVENT_LOGS (ELG_ID, EVENT_TYPE, ACT_ID, OPR_ID, TAR_ID, DETAILS, CREATED_AT)
VALUES ('ELG-10000017', 'New Tar Register', 'ACT-D4D4D4D4', 'OPR-A1A1A1A1', 'TAR-00000008', 'New lead', CURRENT_TIMESTAMP);

-- Event 18
INSERT INTO EVENT_LOGS (ELG_ID, EVENT_TYPE, ACT_ID, OPR_ID, TAR_ID, DETAILS, CREATED_AT)
VALUES ('ELG-10000018', 'Change in Tar Info', 'ACT-D4D4D4D4', 'OPR-A1A1A1A1', 'TAR-00000001', 'Updated notes', CURRENT_TIMESTAMP);

-- Event 19
INSERT INTO EVENT_LOGS (ELG_ID, EVENT_TYPE, ACT_ID, OPR_ID, TAR_ID, DETAILS, CREATED_AT)
VALUES ('ELG-10000019', 'Change in Tar Info', 'ACT-E5E5E5E5', 'OPR-B2B2B2B2', 'TAR-00000010', 'Updated email', CURRENT_TIMESTAMP);

-- Event 20
INSERT INTO EVENT_LOGS (ELG_ID, EVENT_TYPE, ACT_ID, OPR_ID, TAR_ID, DETAILS, CREATED_AT)
VALUES ('ELG-10000020', 'Outreach', 'ACT-D4D4D4D4', 'OPR-A1A1A1A1', 'TAR-00000002', 'Checking in again', CURRENT_TIMESTAMP);
INSERT INTO OUTREACH_LOGS (OLG_ID, ELG_ID, MESSAGE_TEXT, SENT_AT) VALUES ('OLG-20000020', 'ELG-10000020', 'Checking in again', CURRENT_TIMESTAMP);


-- ==========================================
-- 5. DEMOCRATIC GOALS
-- ==========================================

-- Team Goal: Total Messages Sent > 1000 (Daily). Suggested by Hashaam.
-- Assigned to: NULL (Team)
INSERT INTO GOALS (GOAL_ID, METRIC, TARGET_VALUE, FREQUENCY, ASSIGNED_TO_OPR, ASSIGNED_TO_ACT, STATUS, SUGGESTED_BY, CREATED_AT, START_DATE, END_DATE)
VALUES ('GOL-11111111', 'Total Messages Sent', 1000, 'Daily', NULL, NULL, 'Active', 'OPR-A1A1A1A1', CURRENT_TIMESTAMP, CURRENT_TIMESTAMP, NULL);

-- Personal Goal: Alice overrides 'Total Messages Sent' to 500.
-- Assigned to: Alice
INSERT INTO GOALS (GOAL_ID, METRIC, TARGET_VALUE, FREQUENCY, ASSIGNED_TO_OPR, ASSIGNED_TO_ACT, STATUS, SUGGESTED_BY, CREATED_AT, START_DATE, END_DATE)
VALUES ('GOL-22222222', 'Total Messages Sent', 500, 'Daily', 'OPR-B2B2B2B2', NULL, 'Active', 'OPR-B2B2B2B2', CURRENT_TIMESTAMP, CURRENT_TIMESTAMP, NULL);

-- ==========================================
-- 6. RULES
-- Team Rule: Frequency Cap 50 per 3600 sec.
-- ==========================================
INSERT INTO RULES (RULE_ID, TYPE, METRIC, LIMIT_VALUE, TIME_WINDOW_SEC, SEVERITY, ASSIGNED_TO_OPR, ASSIGNED_TO_ACT, STATUS, SUGGESTED_BY, CREATED_AT)
VALUES ('RUL-33333333', 'Frequency Cap', 'Total Messages Sent', 50, 3600, 'Soft Warning', NULL, NULL, 'Active', 'OPR-A1A1A1A1', CURRENT_TIMESTAMP);
